{
  "time": 0.05810392800003683,
  "image": {
    "width": 640,
    "height": 480
  },
  "predictions": [
    {
      "x": 439,
      "y": 244.5,
      "width": 402,
      "height": 469,
      "confidence": 0.6144618988037109,
      "class": "0",
      "class_id": 0
    }
  ]
}